{
  "generated_at": "2026-05-04T15:19:09.862944",
  "environment": {
    "python": "3.10.20",
    "n_vectors": 16000,
    "n_queries": 100,
    "sqlite_vec": "installed"
  },
  "results": [
    {
      "name": "audio_16000",
      "n_vectors": 16000,
      "n_queries": 100,
      "insert_total_s": 771.7397789955139,
      "insert_per_vector_ms": 48.23373618721962,
      "knn_latencies_ms": [
        56.79410000448115,
        65.94530000438681,
        60.560999998415355,
        57.722999998077285,
        76.32940000621602
      ],
      "knn_median_ms": 63.477250001596985,
      "knn_p95_ms": 75.16878500246094,
      "knn_min_ms": 51.60590000014054,
      "knn_max_ms": 77.53539999976056,
      "plan_dod_50ms_met": false,
      "status": "ok",
      "error": ""
    },
    {
      "name": "video_16000",
      "n_vectors": 16000,
      "n_queries": 100,
      "insert_total_s": 808.5001049041748,
      "insert_per_vector_ms": 50.531256556510925,
      "knn_latencies_ms": [
        161.07479999482166,
        133.59459999628598,
        160.4189999998198,
        143.8953999968362,
        147.53439999913098
      ],
      "knn_median_ms": 108.0262000032235,
      "knn_p95_ms": 145.4949399943871,
      "knn_min_ms": 81.65409999492113,
      "knn_max_ms": 234.4167999981437,
      "plan_dod_50ms_met": false,
      "status": "ok",
      "error": ""
    }
  ]
}